{
   "5_IMG_3444.jpg":-95.5341973100511,
   "10_IMG_3444.jpg":-92.48397198532406,
   "15_IMG_3444.jpg":-90.0519300957506,
   "20_IMG_3444.jpg":-87.85130711374812,
   "25_IMG_3444.jpg":-85.74323250050465,
   "30_IMG_3444.jpg":-83.74942777084473,
   "35_IMG_3444.jpg":-81.85089059810304,
   "40_IMG_3444.jpg":-80.19106615528868,
   "45_IMG_3444.jpg":-78.40695881837519,
   "50_IMG_3444.jpg":-76.76434523708602,
   "55_IMG_3444.jpg":-75.15356215248376,
   "60_IMG_3444.jpg":-73.08182868922654,
   "65_IMG_3444.jpg":-70.3456536016607,
   "70_IMG_3444.jpg":-67.09177707903528,
   "75_IMG_3444.jpg":-62.787430184844006,
   "80_IMG_3444.jpg":-57.22630651392719,
   "85_IMG_3444.jpg":-48.67509956227468,
   "90_IMG_3444.jpg":-32.27266867204127,
   "95_IMG_3444.jpg":-1.9856471651823582
}
